{"cameraMode":{"drawMode":0,"name":"Shaded","section":"Shading Mode"},"sceneLighting":true,"audioPlay":false,"sceneViewState":{"m_AlwaysRefresh":false,"showFog":true,"showSkybox":true,"showFlares":true,"showImageEffects":true,"showParticleSystems":true,"showVisualEffectGraphs":true,"m_FxEnabled":true},"in2DMode":false,"pivot":{"x":-6.378396987915039,"y":5.0170512199401859,"z":-7.364160060882568},"rotation":{"x":-0.11181540787220001,"y":0.43613845109939577,"z":-0.054724883288145068,"w":-0.8912495970726013},"size":8.974706649780274,"orthographic":false}